CREATE TABLE Workers (
	WORKER_ID INT NOT NULL  PRIMARY KEY ,
	FIRST_NAME CHAR(25),
	LAST_NAME CHAR(25),
	SALARY INT,
	JOINING_DATE DATETIME,
	DEPARTMENT CHAR(25)
);

INSERT INTO Workers 
	(WORKER_ID, FIRST_NAME, LAST_NAME, SALARY, DEPARTMENT) VALUES
		(001, 'Monika', 'Arora', 100000, 'HR'),
		(002, 'Niharika', 'Verma', 80000, 'Admin'),
		(003, 'Vishal', 'Singhal', 300000, 'HR'),
		(004, 'Amitabh', 'Singh', 500000, 'Admin'),
		(005, 'Vivek', 'Bhati', 500000, 'Admin'),
		(006, 'Vipul', 'Diwan', 200000,  'Account'),
		(007, 'Satish', 'Kumar', 75000,  'Account'),
		(008, 'Geetika', 'Chauhan', 90000, 'Admin');

SELECT * FROM Workers;

CREATE TABLE Bonus (
	WORKER_REF_ID INT,
	BONUS_AMOUNT INT,
	BONUS_DATE DATETIME,
	FOREIGN KEY (WORKER_REF_ID)
		REFERENCES Workers(WORKER_ID)
        ON DELETE CASCADE
);

INSERT INTO Bonus 
	(WORKER_REF_ID, BONUS_AMOUNT) VALUES
		(001, 5000),
		(002, 3000),
		(003, 4000),
		(001, 4500),
		(002, 3500);

SELECT * FROM Bonus;

CREATE TABLE Title (
	WORKER_REF_ID INT,
	WORKER_TITLE CHAR(25),
	AFFECTED_FROM DATETIME,
	FOREIGN KEY (WORKER_REF_ID)
		REFERENCES Workers(WORKER_ID)
        ON DELETE CASCADE
);

INSERT INTO Title 
	(WORKER_REF_ID, WORKER_TITLE, AFFECTED_FROM) VALUES
 (001, 'Manager', '2016-02-20 00:00:00'),
 (002, 'Executive', '2016-06-11 00:00:00'),
 (008, 'Executive', '2016-06-11 00:00:00'),
 (005, 'Manager', '2016-06-11 00:00:00'),
 (004, 'Asst. Manager', '2016-06-11 00:00:00'),
 (007, 'Executive', '2016-06-11 00:00:00'),
 (006, 'Lead', '2016-06-11 00:00:00'),
 (003, 'Lead', '2016-06-11 00:00:00');

SELECT * FROM Title;
SELECT * FROM Bonus;
SELECT * FROM Workers;

SELECT * FROM Workers WHERE FIRST_NAME LIKE '_i%';

SELECT DISTINCT DEPARTMENT FROM Workers;

SELECT * FROM Workers ORDER BY FIRST_NAME ASC; 

SELECT * FROM Workers ORDER BY FIRST_NAME ASC, DEPARTMENT DESC;

SELECT * FROM Workers WHERE FIRST_NAME IN ('Vipul','Satish');

SELECT * FROM Workers WHERE FIRST_NAME NOT IN ('Vipul','Satish');

SELECT * FROM Workers WHERE DEPARTMENT LIKE 'Admin%';

SELECT * FROM Workers WHERE FIRST_NAME LIKE '%a%';

SELECT * FROM Workers WHERE FIRST_NAME LIKE  '_____h';

SELECT * FROM Workers WHERE SALARY between 100000 and 500000;

SELECT CONCAT(FIRST_NAME, ' ', LAST_NAME) As Worker_Name, Salary FROM Workers WHERE WORKER_ID IN (SELECT WORKER_ID FROM Workers 
WHERE Salary BETWEEN 50000 AND 100000);

SELECT DISTINCT W.FIRST_NAME, T.WORKER_TITLE FROM Workers W INNER JOIN Title T ON W.WORKER_ID = T.WORKER_REF_ID AND T.WORKER_TITLE in ('Manager');

